id,batch_name
66,yao/18_systems_annotations/vishnesh/new_batches/batch_3
67,yao/18_systems_annotations/vishnesh/new_batches/batch_3
68,yao/18_systems_annotations/vishnesh/new_batches/batch_3
69,yao/18_systems_annotations/vishnesh/new_batches/batch_3
70,yao/18_systems_annotations/vishnesh/new_batches/batch_3
71,yao/18_systems_annotations/vishnesh/new_batches/batch_3
72,yao/18_systems_annotations/vishnesh/new_batches/batch_3
73,yao/18_systems_annotations/vishnesh/new_batches/batch_3
74,yao/18_systems_annotations/vishnesh/new_batches/batch_3
75,yao/18_systems_annotations/vishnesh/new_batches/batch_3
76,yao/18_systems_annotations/vishnesh/new_batches/batch_3
77,yao/18_systems_annotations/vishnesh/new_batches/batch_3
78,yao/18_systems_annotations/vishnesh/new_batches/batch_3
79,yao/18_systems_annotations/vishnesh/new_batches/batch_3
80,yao/18_systems_annotations/vishnesh/new_batches/batch_3
81,yao/18_systems_annotations/vishnesh/new_batches/batch_3
82,yao/18_systems_annotations/vishnesh/new_batches/batch_3
83,yao/18_systems_annotations/vishnesh/new_batches/batch_3
84,yao/18_systems_annotations/vishnesh/new_batches/batch_3
85,yao/18_systems_annotations/vishnesh/new_batches/batch_3
86,yao/18_systems_annotations/vishnesh/new_batches/batch_3
87,yao/18_systems_annotations/vishnesh/new_batches/batch_3
88,yao/18_systems_annotations/vishnesh/new_batches/batch_3
89,yao/18_systems_annotations/vishnesh/new_batches/batch_3
90,yao/18_systems_annotations/vishnesh/new_batches/batch_3
91,yao/18_systems_annotations/vishnesh/new_batches/batch_3
92,yao/18_systems_annotations/vishnesh/new_batches/batch_3
93,yao/18_systems_annotations/vishnesh/new_batches/batch_3
94,yao/18_systems_annotations/vishnesh/new_batches/batch_3
95,yao/18_systems_annotations/vishnesh/new_batches/batch_3
96,yao/18_systems_annotations/vishnesh/new_batches/batch_3
97,yao/18_systems_annotations/vishnesh/new_batches/batch_3
98,yao/18_systems_annotations/vishnesh/new_batches/batch_3
99,yao/18_systems_annotations/vishnesh/new_batches/batch_3
